op,N,threads,cpu_ms,gpu_kernel_ms,gpu_total_ms,speedup_kernel,speedup_total,bandwidth_GBps,errors,efficiency_pct
add,10000,64,0.016,0.0118,0.15960000000000002,1.456,0.094,12.8,0.0,6.666666666666667
add,10000,128,0.0144,0.016599999999999997,0.1706,1.128,0.08399999999999999,9.3,0.0,4.84375
add,10000,256,0.0126,0.0196,0.173,1.046,0.074,10.04,0.0,5.229166666666666
add,10000,512,0.0128,0.0246,0.195,0.788,0.06799999999999999,7.5,0.0,3.90625
add,10000,1024,0.0162,0.0174,0.15760000000000002,1.738,0.10200000000000001,11.66,0.0,6.072916666666667
add,100000,64,0.0914,0.045799999999999993,0.6058,2.006,0.152,26.32,0.0,13.708333333333334
add,100000,128,0.09079999999999999,0.0474,0.6971999999999999,1.936,0.13399999999999998,25.56,0.0,13.3125
add,100000,256,0.089,0.04359999999999999,0.5965999999999999,2.058,0.15,27.660000000000004,0.0,14.406250000000002
add,100000,512,0.09019999999999999,0.046599999999999996,0.6016,1.9460000000000002,0.15,25.860000000000003,0.0,13.468750000000002
add,100000,1024,0.0938,0.045799999999999993,0.617,2.0460000000000003,0.154,26.22,0.0,13.65625
add,1000000,64,1.6321999999999999,0.10840000000000001,3.7536,15.068000000000001,0.434,110.78,0.0,57.69791666666667
add,1000000,128,1.6316,0.1086,3.8744,15.026,0.422,110.54,0.0,57.57291666666667
add,1000000,256,1.6585999999999999,0.1066,4.216600000000001,15.572,0.396,112.66,0.0,58.677083333333336
add,1000000,512,1.8801999999999999,0.1092,3.8537999999999997,17.174,0.484,109.74000000000001,0.0,57.15625000000001
add,1000000,1024,1.6372,0.11179999999999998,3.7656,14.672,0.43600000000000005,107.47999999999999,0.0,55.97916666666666
add,10000000,64,16.3522,0.7424,35.8956,22.114,0.472,161.95999999999998,0.0,84.35416666666666
add,10000000,128,14.4346,0.7176,29.8796,20.113999999999997,0.484,167.24,0.0,87.10416666666667
add,10000000,256,14.3464,0.7407999999999999,31.800599999999996,19.387999999999998,0.45199999999999996,162.18,0.0,84.46875
add,10000000,512,14.181999999999999,0.72,30.456400000000002,19.7,0.466,166.64000000000001,0.0,86.79166666666667
add,10000000,1024,14.3184,0.7428,31.528399999999998,19.318,0.454,161.88,0.0,84.3125
add,50000000,64,82.13,3.4594,173.90540000000001,23.704,0.472,173.5,0.0,90.36458333333334
add,50000000,128,75.595,3.463,169.89960000000002,21.848,0.44800000000000006,173.28,0.0,90.25
add,50000000,256,73.356,3.4812,151.96480000000003,21.080000000000002,0.484,172.44,0.0,89.8125
add,50000000,512,71.8896,3.5921999999999996,153.84359999999998,20.11,0.47000000000000003,167.82,0.0,87.40625
add,50000000,1024,72.8518,3.5671999999999997,153.7088,20.438,0.47400000000000003,168.56,0.0,87.79166666666667
mul,10000,64,0.011199999999999998,0.0372,0.1764,0.316,0.062,3.38,0.0,1.7604166666666667
mul,10000,128,0.0106,0.0436,0.1938,0.292,0.05600000000000001,3.2600000000000002,0.0,1.6979166666666667
mul,10000,256,0.0126,0.040400000000000005,0.19039999999999999,0.376,0.072,3.46,0.0,1.8020833333333333
mul,10000,512,0.011,0.0322,0.1692,0.33999999999999997,0.062,3.78,0.0,1.96875
mul,10000,1024,0.011,0.047599999999999996,0.1978,0.262,0.057999999999999996,2.88,0.0,1.5
mul,100000,64,0.0846,0.0616,0.6048,1.526,0.142,21.48,0.0,11.1875
mul,100000,128,0.0826,0.053200000000000004,0.624,1.562,0.132,22.84,0.0,11.895833333333334
mul,100000,256,0.08120000000000001,0.049,0.579,1.654,0.14,24.44,0.0,12.729166666666666
mul,100000,512,0.0878,0.0514,0.597,1.698,0.148,23.34,0.0,12.15625
mul,100000,1024,0.08280000000000001,0.0496,0.6146,1.674,0.134,24.240000000000002,0.0,12.625
mul,1000000,64,1.5776,0.11200000000000002,3.3747999999999996,14.092000000000002,0.46799999999999997,107.17999999999999,0.0,55.822916666666664
mul,1000000,128,1.5608,0.1152,3.3787999999999996,13.613999999999999,0.462,104.75999999999999,0.0,54.56249999999999
mul,1000000,256,1.5826,0.11380000000000001,3.4192,13.876,0.4640000000000001,105.2,0.0,54.79166666666667
mul,1000000,512,1.658,0.11299999999999999,3.4386,14.66,0.48200000000000004,106.32000000000001,0.0,55.37500000000001
mul,1000000,1024,1.5926,0.11520000000000001,3.4132,13.818000000000001,0.466,104.12,0.0,54.22916666666667
mul,10000000,64,13.6026,0.7442,29.552999999999997,18.3,0.458,161.42000000000002,0.0,84.07291666666667
mul,10000000,128,13.6478,0.7604,30.345799999999997,17.988,0.45199999999999996,158.2,0.0,82.39583333333333
mul,10000000,256,13.602799999999998,0.7442,29.659,18.292,0.458,161.38,0.0,84.05208333333333
mul,10000000,512,13.5836,0.7432000000000001,29.630599999999998,18.312,0.45999999999999996,161.72,0.0,84.22916666666667
mul,10000000,1024,13.581399999999999,0.7256,29.3564,18.71,0.46399999999999997,165.34,0.0,86.11458333333334
mul,50000000,64,71.7154,3.4638,153.3696,20.712,0.47000000000000003,173.24,0.0,90.22916666666667
mul,50000000,128,67.921,3.4894,149.2782,19.466,0.454,171.98,0.0,89.57291666666666
mul,50000000,256,68.2328,3.4804000000000004,151.33319999999998,19.606,0.45200000000000007,172.42000000000002,0.0,89.80208333333334
mul,50000000,512,67.6336,3.5316,149.0138,19.176,0.45599999999999996,170.1,0.0,88.59375
mul,50000000,1024,68.9294,3.4756,152.17860000000002,19.836000000000002,0.45199999999999996,172.64000000000001,0.0,89.91666666666667
