op,N,threads,cpu_ms,gpu_kernel_ms,gpu_total_ms,speedup_kernel,speedup_total,bandwidth_GBps,errors
add,10000,64,0.013,0.008,0.147,1.73,0.09,15.9,0
add,10000,64,0.013,0.008,0.135,1.51,0.09,14.4,0
add,10000,64,0.030,0.027,0.224,1.12,0.13,4.5,0
add,10000,64,0.012,0.008,0.146,1.47,0.08,14.6,0
add,10000,64,0.012,0.008,0.146,1.45,0.08,14.6,0
add,10000,128,0.014,0.012,0.163,1.16,0.09,9.8,0
add,10000,128,0.014,0.008,0.163,1.75,0.08,15.3,0
add,10000,128,0.019,0.014,0.173,1.37,0.11,8.4,0
add,10000,128,0.013,0.012,0.157,1.03,0.08,9.8,0
add,10000,128,0.012,0.037,0.197,0.33,0.06,3.2,0
add,10000,256,0.013,0.026,0.207,0.48,0.06,4.6,0
add,10000,256,0.013,0.009,0.138,1.38,0.09,13.2,0
add,10000,256,0.012,0.008,0.136,1.52,0.09,14.7,0
add,10000,256,0.012,0.008,0.148,1.58,0.08,15.2,0
add,10000,256,0.013,0.047,0.236,0.27,0.05,2.5,0
add,10000,512,0.013,0.013,0.150,0.95,0.08,9.1,0
add,10000,512,0.012,0.044,0.277,0.28,0.04,2.7,0
add,10000,512,0.013,0.033,0.174,0.39,0.07,3.7,0
add,10000,512,0.013,0.007,0.149,1.83,0.09,17.3,0
add,10000,512,0.013,0.026,0.225,0.49,0.06,4.7,0
add,10000,1024,0.013,0.007,0.135,1.88,0.09,17.9,0
add,10000,1024,0.013,0.033,0.160,0.38,0.08,3.6,0
add,10000,1024,0.013,0.008,0.147,1.54,0.08,14.8,0
add,10000,1024,0.029,0.007,0.146,4.50,0.20,18.3,0
add,10000,1024,0.013,0.032,0.200,0.39,0.06,3.7,0
add,100000,64,0.089,0.046,0.621,1.96,0.14,26.3,0
add,100000,64,0.090,0.044,0.620,2.06,0.15,27.5,0
add,100000,64,0.088,0.047,0.577,1.88,0.15,25.6,0
add,100000,64,0.092,0.045,0.619,2.03,0.15,26.5,0
add,100000,64,0.098,0.047,0.592,2.10,0.17,25.7,0
add,100000,128,0.088,0.046,0.596,1.91,0.15,25.9,0
add,100000,128,0.093,0.047,0.629,1.99,0.15,25.5,0
add,100000,128,0.092,0.055,0.701,1.68,0.13,21.9,0
add,100000,128,0.090,0.048,0.845,1.90,0.11,25.3,0
add,100000,128,0.091,0.041,0.715,2.20,0.13,29.2,0
add,100000,256,0.091,0.043,0.586,2.11,0.16,27.8,0
add,100000,256,0.088,0.044,0.630,2.03,0.14,27.6,0
add,100000,256,0.087,0.045,0.608,1.96,0.14,27.0,0
add,100000,256,0.090,0.043,0.573,2.11,0.16,28.0,0
add,100000,256,0.089,0.043,0.586,2.08,0.15,27.9,0
add,100000,512,0.089,0.047,0.630,1.88,0.14,25.4,0
add,100000,512,0.095,0.043,0.560,2.22,0.17,28.0,0
add,100000,512,0.090,0.045,0.570,1.97,0.16,26.4,0
add,100000,512,0.088,0.046,0.621,1.93,0.14,26.2,0
add,100000,512,0.089,0.052,0.627,1.73,0.14,23.3,0
add,100000,1024,0.098,0.045,0.561,2.18,0.17,26.7,0
add,100000,1024,0.093,0.048,0.680,1.91,0.14,24.8,0
add,100000,1024,0.096,0.045,0.649,2.12,0.15,26.6,0
add,100000,1024,0.091,0.047,0.607,1.93,0.15,25.5,0
add,100000,1024,0.091,0.044,0.588,2.09,0.16,27.5,0
add,1000000,64,1.587,0.108,3.889,14.74,0.41,111.4,0
add,1000000,64,1.671,0.110,3.787,15.18,0.44,109.0,0
add,1000000,64,1.661,0.107,3.753,15.47,0.44,111.8,0
add,1000000,64,1.649,0.108,3.644,15.27,0.45,111.1,0
add,1000000,64,1.593,0.109,3.695,14.68,0.43,110.6,0
add,1000000,128,1.594,0.105,3.712,15.13,0.43,113.9,0
add,1000000,128,1.683,0.106,3.978,15.86,0.42,113.0,0
add,1000000,128,1.633,0.110,3.926,14.83,0.42,109.0,0
add,1000000,128,1.562,0.108,3.725,14.50,0.42,111.4,0
add,1000000,128,1.686,0.114,4.031,14.81,0.42,105.4,0
add,1000000,256,1.863,0.105,4.823,17.74,0.39,114.3,0
add,1000000,256,1.578,0.105,4.288,15.00,0.37,114.0,0
add,1000000,256,1.645,0.106,3.890,15.51,0.42,113.2,0
add,1000000,256,1.654,0.111,4.161,14.90,0.40,108.1,0
add,1000000,256,1.553,0.106,3.921,14.71,0.40,113.7,0
add,1000000,512,2.819,0.110,4.332,25.56,0.65,108.8,0
add,1000000,512,1.610,0.107,3.701,14.99,0.43,111.7,0
add,1000000,512,1.782,0.110,3.741,16.13,0.48,108.6,0
add,1000000,512,1.598,0.107,3.753,15.00,0.43,112.6,0
add,1000000,512,1.592,0.112,3.742,14.19,0.43,107.0,0
add,1000000,1024,1.665,0.110,3.775,15.09,0.44,108.7,0
add,1000000,1024,1.591,0.111,3.785,14.32,0.42,107.9,0
add,1000000,1024,1.632,0.107,3.694,15.21,0.44,111.8,0
add,1000000,1024,1.645,0.123,3.863,13.40,0.43,97.7,0
add,1000000,1024,1.653,0.108,3.711,15.34,0.45,111.3,0
add,10000000,64,21.822,0.727,33.973,30.01,0.64,165.0,0
add,10000000,64,17.319,0.731,36.942,23.69,0.47,164.1,0
add,10000000,64,14.466,0.809,49.713,17.89,0.29,148.4,0
add,10000000,64,13.910,0.721,28.990,19.30,0.48,166.5,0
add,10000000,64,14.244,0.724,29.860,19.68,0.48,165.8,0
add,10000000,128,14.403,0.715,30.026,20.14,0.48,167.8,0
add,10000000,128,14.385,0.728,29.700,19.75,0.48,164.8,0
add,10000000,128,13.836,0.714,29.661,19.38,0.47,168.1,0
add,10000000,128,15.626,0.719,30.309,21.73,0.52,166.9,0
add,10000000,128,13.923,0.712,29.702,19.57,0.47,168.6,0
add,10000000,256,14.268,0.723,33.272,19.74,0.43,166.0,0
add,10000000,256,14.727,0.747,30.256,19.72,0.49,160.7,0
add,10000000,256,14.474,0.725,30.204,19.96,0.48,165.5,0
add,10000000,256,14.212,0.784,32.812,18.13,0.43,153.1,0
add,10000000,256,14.051,0.725,32.459,19.39,0.43,165.6,0
add,10000000,512,14.419,0.712,30.320,20.25,0.48,168.5,0
add,10000000,512,14.062,0.730,30.648,19.26,0.46,164.3,0
add,10000000,512,14.550,0.721,30.038,20.19,0.48,166.5,0
add,10000000,512,13.749,0.721,30.262,19.06,0.45,166.3,0
add,10000000,512,14.130,0.716,31.014,19.74,0.46,167.6,0
add,10000000,1024,14.175,0.728,30.789,19.47,0.46,164.8,0
add,10000000,1024,14.342,0.714,31.296,20.09,0.46,168.1,0
add,10000000,1024,14.416,0.740,32.866,19.49,0.44,162.2,0
add,10000000,1024,14.391,0.721,30.374,19.96,0.47,166.4,0
add,10000000,1024,14.268,0.811,32.317,17.58,0.44,147.9,0
add,50000000,64,99.599,3.557,219.876,28.00,0.45,168.7,0
add,50000000,64,95.108,3.455,177.568,27.53,0.54,173.7,0
add,50000000,64,70.868,3.404,149.267,20.82,0.47,176.3,0
add,50000000,64,71.329,3.420,155.910,20.86,0.46,175.4,0
add,50000000,64,73.746,3.461,166.906,21.31,0.44,173.4,0
add,50000000,128,69.041,3.484,153.477,19.82,0.45,172.2,0
add,50000000,128,71.076,3.414,193.671,20.82,0.37,175.7,0
add,50000000,128,93.443,3.429,176.483,27.25,0.53,175.0,0
add,50000000,128,73.213,3.462,170.746,21.15,0.43,173.3,0
add,50000000,128,71.202,3.526,155.121,20.20,0.46,170.2,0
add,50000000,256,73.291,3.577,151.740,20.49,0.48,167.8,0
add,50000000,256,75.396,3.483,161.238,21.64,0.47,172.2,0
add,50000000,256,72.990,3.406,149.896,21.43,0.49,176.2,0
add,50000000,256,73.274,3.406,149.204,21.52,0.49,176.2,0
add,50000000,256,71.829,3.534,147.746,20.32,0.49,169.8,0
add,50000000,512,71.281,4.102,162.678,17.38,0.44,146.3,0
add,50000000,512,74.872,3.485,163.145,21.48,0.46,172.2,0
add,50000000,512,70.564,3.401,148.512,20.75,0.48,176.4,0
add,50000000,512,71.283,3.504,146.373,20.34,0.49,171.2,0
add,50000000,512,71.448,3.469,148.510,20.60,0.48,173.0,0
add,50000000,1024,77.803,3.906,162.509,19.92,0.48,153.6,0
add,50000000,1024,70.438,3.482,157.703,20.23,0.45,172.3,0
add,50000000,1024,71.374,3.433,151.862,20.79,0.47,174.8,0
add,50000000,1024,73.403,3.478,149.156,21.11,0.49,172.5,0
add,50000000,1024,71.241,3.537,147.314,20.14,0.48,169.6,0
mul,10000,64,0.011,0.033,0.165,0.33,0.06,3.7,0
mul,10000,64,0.011,0.028,0.154,0.39,0.07,4.2,0
mul,10000,64,0.011,0.050,0.188,0.22,0.06,2.4,0
mul,10000,64,0.011,0.043,0.181,0.25,0.06,2.8,0
mul,10000,64,0.012,0.032,0.194,0.39,0.06,3.8,0
mul,10000,128,0.011,0.027,0.155,0.40,0.07,4.4,0
mul,10000,128,0.011,0.030,0.178,0.37,0.06,3.9,0
mul,10000,128,0.010,0.029,0.179,0.35,0.06,4.1,0
mul,10000,128,0.011,0.081,0.252,0.14,0.04,1.5,0
mul,10000,128,0.010,0.051,0.205,0.20,0.05,2.4,0
mul,10000,256,0.011,0.037,0.173,0.31,0.07,3.3,0
mul,10000,256,0.011,0.031,0.196,0.35,0.05,3.9,0
mul,10000,256,0.011,0.029,0.161,0.38,0.07,4.2,0
mul,10000,256,0.019,0.027,0.151,0.70,0.13,4.4,0
mul,10000,256,0.011,0.078,0.271,0.14,0.04,1.5,0
mul,10000,512,0.011,0.031,0.158,0.35,0.07,3.9,0
mul,10000,512,0.011,0.031,0.175,0.36,0.06,3.9,0
mul,10000,512,0.011,0.031,0.168,0.35,0.06,3.9,0
mul,10000,512,0.011,0.037,0.166,0.29,0.06,3.3,0
mul,10000,512,0.011,0.031,0.179,0.35,0.06,3.9,0
mul,10000,1024,0.011,0.030,0.170,0.39,0.07,4.1,0
mul,10000,1024,0.011,0.052,0.187,0.20,0.06,2.3,0
mul,10000,1024,0.011,0.078,0.280,0.14,0.04,1.5,0
mul,10000,1024,0.011,0.047,0.184,0.23,0.06,2.6,0
mul,10000,1024,0.011,0.031,0.168,0.35,0.06,3.9,0
mul,100000,64,0.090,0.050,0.576,1.80,0.16,24.0,0
mul,100000,64,0.087,0.050,0.578,1.73,0.15,23.9,0
mul,100000,64,0.088,0.049,0.571,1.81,0.15,24.7,0
mul,100000,64,0.079,0.109,0.730,0.72,0.11,11.0,0
mul,100000,64,0.079,0.050,0.569,1.57,0.14,23.8,0
mul,100000,128,0.091,0.064,0.654,1.43,0.14,18.9,0
mul,100000,128,0.080,0.051,0.649,1.58,0.12,23.7,0
mul,100000,128,0.079,0.052,0.596,1.51,0.13,23.1,0
mul,100000,128,0.080,0.050,0.615,1.61,0.13,24.2,0
mul,100000,128,0.083,0.049,0.606,1.68,0.14,24.3,0
mul,100000,256,0.079,0.046,0.580,1.70,0.14,25.9,0
mul,100000,256,0.081,0.049,0.590,1.64,0.14,24.3,0
mul,100000,256,0.079,0.050,0.568,1.57,0.14,23.8,0
mul,100000,256,0.080,0.051,0.593,1.57,0.13,23.6,0
mul,100000,256,0.087,0.049,0.564,1.79,0.15,24.6,0
mul,100000,512,0.081,0.052,0.578,1.55,0.14,23.1,0
mul,100000,512,0.079,0.050,0.567,1.58,0.14,23.9,0
mul,100000,512,0.079,0.052,0.666,1.50,0.12,23.0,0
mul,100000,512,0.088,0.048,0.565,1.83,0.16,25.0,0
mul,100000,512,0.112,0.055,0.609,2.03,0.18,21.7,0
mul,100000,1024,0.088,0.049,0.715,1.78,0.12,24.3,0
mul,100000,1024,0.082,0.051,0.635,1.63,0.13,23.7,0
mul,100000,1024,0.083,0.048,0.557,1.73,0.15,25.1,0
mul,100000,1024,0.079,0.051,0.601,1.57,0.13,23.7,0
mul,100000,1024,0.082,0.049,0.565,1.66,0.14,24.4,0
mul,1000000,64,1.655,0.111,3.388,14.91,0.49,108.1,0
mul,1000000,64,1.576,0.114,3.275,13.80,0.48,105.1,0
mul,1000000,64,1.563,0.110,3.444,14.20,0.45,109.0,0
mul,1000000,64,1.546,0.117,3.462,13.17,0.45,102.2,0
mul,1000000,64,1.548,0.108,3.305,14.38,0.47,111.5,0
mul,1000000,128,1.479,0.112,3.377,13.25,0.44,107.5,0
mul,1000000,128,1.548,0.121,3.428,12.84,0.45,99.6,0
mul,1000000,128,1.617,0.127,3.329,12.74,0.49,94.6,0
mul,1000000,128,1.556,0.106,3.377,14.62,0.46,112.7,0
mul,1000000,128,1.604,0.110,3.383,14.62,0.47,109.4,0
mul,1000000,256,1.567,0.116,3.503,13.47,0.45,103.2,0
mul,1000000,256,1.542,0.115,3.500,13.41,0.44,104.3,0
mul,1000000,256,1.523,0.112,3.491,13.54,0.44,106.7,0
mul,1000000,256,1.674,0.111,3.271,15.03,0.51,107.8,0
mul,1000000,256,1.607,0.115,3.331,13.93,0.48,104.0,0
mul,1000000,512,1.911,0.118,3.676,16.17,0.52,101.5,0
mul,1000000,512,1.693,0.114,3.329,14.87,0.51,105.4,0
mul,1000000,512,1.567,0.113,3.516,13.83,0.45,105.9,0
mul,1000000,512,1.574,0.111,3.348,14.23,0.47,108.5,0
mul,1000000,512,1.545,0.109,3.324,14.20,0.46,110.3,0
mul,1000000,1024,1.642,0.115,3.352,14.30,0.49,104.5,0
mul,1000000,1024,1.552,0.118,3.430,13.13,0.45,101.5,0
mul,1000000,1024,1.571,0.114,3.394,13.76,0.46,105.1,0
mul,1000000,1024,1.611,0.116,3.454,13.85,0.47,103.2,0
mul,1000000,1024,1.587,0.113,3.436,14.05,0.46,106.3,0
mul,10000000,64,13.587,0.792,28.662,17.15,0.47,151.4,0
mul,10000000,64,13.470,0.733,31.007,18.38,0.43,163.7,0
mul,10000000,64,13.931,0.731,29.537,19.06,0.47,164.2,0
mul,10000000,64,13.245,0.726,29.547,18.25,0.45,165.3,0
mul,10000000,64,13.780,0.739,29.012,18.66,0.47,162.5,0
mul,10000000,128,13.738,0.728,28.817,18.88,0.48,164.9,0
mul,10000000,128,13.526,0.724,29.486,18.68,0.46,165.7,0
mul,10000000,128,13.968,0.803,31.024,17.39,0.45,149.4,0
mul,10000000,128,13.467,0.733,28.685,18.37,0.47,163.7,0
mul,10000000,128,13.540,0.814,33.717,16.62,0.40,147.3,0
mul,10000000,256,13.343,0.740,31.796,18.04,0.42,162.2,0
mul,10000000,256,13.335,0.719,28.845,18.53,0.46,166.8,0
mul,10000000,256,13.500,0.789,28.549,17.10,0.47,152.0,0
mul,10000000,256,14.086,0.747,29.247,18.85,0.48,160.6,0
mul,10000000,256,13.750,0.726,29.858,18.94,0.46,165.3,0
mul,10000000,512,13.428,0.731,28.734,18.36,0.47,164.0,0
mul,10000000,512,13.867,0.731,28.798,18.97,0.48,164.2,0
mul,10000000,512,13.430,0.806,33.305,16.66,0.40,148.8,0
mul,10000000,512,13.649,0.730,28.628,18.70,0.48,164.4,0
mul,10000000,512,13.544,0.718,28.688,18.87,0.47,167.2,0
mul,10000000,1024,13.672,0.728,28.354,18.78,0.48,164.8,0
mul,10000000,1024,13.306,0.723,29.121,18.40,0.46,166.0,0
mul,10000000,1024,13.656,0.729,31.818,18.72,0.43,164.5,0
mul,10000000,1024,13.494,0.719,28.770,18.75,0.47,166.8,0
mul,10000000,1024,13.779,0.729,28.719,18.90,0.48,164.6,0
mul,50000000,64,73.496,3.473,165.031,21.16,0.45,172.8,0
mul,50000000,64,78.789,3.424,157.471,23.01,0.50,175.3,0
mul,50000000,64,69.450,3.470,148.298,20.02,0.47,172.9,0
mul,50000000,64,68.421,3.490,146.657,19.61,0.47,171.9,0
mul,50000000,64,68.421,3.462,149.391,19.76,0.46,173.3,0
mul,50000000,128,68.337,3.465,148.621,19.72,0.46,173.2,0
mul,50000000,128,67.224,3.531,154.581,19.04,0.43,169.9,0
mul,50000000,128,69.070,3.547,147.873,19.47,0.47,169.2,0
mul,50000000,128,67.458,3.468,149.201,19.45,0.45,173.0,0
mul,50000000,128,67.516,3.436,146.115,19.65,0.46,174.6,0
mul,50000000,256,67.437,3.477,150.060,19.39,0.45,172.5,0
mul,50000000,256,67.557,3.467,147.903,19.48,0.46,173.0,0
mul,50000000,256,67.294,3.440,149.047,19.56,0.45,174.4,0
mul,50000000,256,70.187,3.607,154.010,19.46,0.46,166.3,0
mul,50000000,256,68.689,3.411,155.646,20.14,0.44,175.9,0
mul,50000000,512,67.885,3.411,145.777,19.90,0.47,175.9,0
mul,50000000,512,68.977,3.498,147.510,19.72,0.47,171.5,0
mul,50000000,512,66.837,3.472,146.585,19.25,0.46,172.8,0
mul,50000000,512,67.493,3.779,150.192,17.86,0.45,158.8,0
mul,50000000,512,66.976,3.498,155.005,19.15,0.43,171.5,0
mul,50000000,1024,66.839,3.496,148.563,19.12,0.45,171.6,0
mul,50000000,1024,69.125,3.482,148.669,19.85,0.46,172.3,0
mul,50000000,1024,67.578,3.515,150.705,19.23,0.45,170.7,0
mul,50000000,1024,67.501,3.413,155.923,19.78,0.43,175.8,0
mul,50000000,1024,73.604,3.472,157.033,21.20,0.47,172.8,0
