op,N,cpu_ms,gpu_kernel_ms,gpu_total_ms,speedup_kernel,speedup_total,bandwidth_GBps,efficiency_pct
add,10000,0.013,0.02,0.173,1.046,0.074,10.04,5.229
add,100000,0.089,0.044,0.597,2.058,0.15,27.66,14.406
add,1000000,1.659,0.107,4.217,15.572,0.396,112.66,58.677
add,10000000,14.346,0.741,31.801,19.388,0.452,162.18,84.469
add,50000000,73.356,3.481,151.965,21.08,0.484,172.44,89.812
mul,10000,0.013,0.04,0.19,0.376,0.072,3.46,1.802
mul,100000,0.081,0.049,0.579,1.654,0.14,24.44,12.729
mul,1000000,1.583,0.114,3.419,13.876,0.464,105.2,54.792
mul,10000000,13.603,0.744,29.659,18.292,0.458,161.38,84.052
mul,50000000,68.233,3.48,151.333,19.606,0.452,172.42,89.802
